[{"areaId": 1,"areaName": "北京","cities": [{"areaId": 35,"areaName": "东城区","counties": []},{"areaId": 36,"areaName": "西城区","counties": []},{"areaId": 38,"areaName": "朝阳区","counties": []},{"areaId": 39,"areaName": "海淀区","counties": []},{"areaId": 40,"areaName": "丰台区","counties": []},{"areaId": 41,"areaName": "石景山区","counties": []},{"areaId": 42,"areaName": "门头沟区","counties": []},{"areaId": 43,"areaName": "房山区","counties": []},{"areaId": 44,"areaName": "通州区","counties": []},{"areaId": 45,"areaName": "顺义区","counties": []},{"areaId": 46,"areaName": "昌平区","counties": []},{"areaId": 47,"areaName": "大兴区","counties": []},{"areaId": 48,"areaName": "平谷区","counties": []},{"areaId": 49,"areaName": "怀柔区","counties": []},{"areaId": 50,"areaName": "密云县","counties": []},{"areaId": 51,"areaName": "延庆县","counties": []}]},{"areaId": 2,"areaName": "上海","cities": [{"areaId": 140,"areaName": "黄浦区","counties": []},{"areaId": 141,"areaName": "卢湾区","counties": []},{"areaId": 142,"areaName": "徐汇区","counties": []},{"areaId": 143,"areaName": "长宁区","counties": []},{"areaId": 144,"areaName": "静安区","counties": []},{"areaId": 145,"areaName": "普陀区","counties": []},{"areaId": 146,"areaName": "闸北区","counties": []},{"areaId": 147,"areaName": "虹口区","counties": []},{"areaId": 148,"areaName": "杨浦区","counties": []},{"areaId": 149,"areaName": "宝山区","counties": []},{"areaId": 150,"areaName": "闵行区","counties": []},{"areaId": 151,"areaName": "嘉定区","counties": []},{"areaId": 152,"areaName": "浦东新区","counties": []},{"areaId": 153,"areaName": "松江区","counties": []},{"areaId": 154,"areaName": "\nn金山区","counties": []},{"areaId": 155,"areaName": "青浦区","counties": []},{"areaId": 156,"areaName": "南汇区","counties": []},{"areaId": 157,"areaName": "奉贤区","counties": []},{"areaId": 158,"areaName": "崇明县","counties": []}]},{"areaId": 3,"areaName": "天津","cities": [{"areaId": 52,"areaName": "和平区","counties": []},{"areaId": 53,"areaName": "河东区","counties": []},{"areaId": 54,"areaName": "河西区","counties": []},{"areaId": 55,"areaName": "南开区","counties": []},{"areaId": 56,"areaName": "河北区","counties": []},{"areaId": 57,"areaName": "红桥区","counties": []},{"areaId": 58,"areaName": "塘沽区","counties": []},{"areaId": 59,"areaName": "汉沽区","counties": []},{"areaId": 60,"areaName": "大港区","counties": []},{"areaId": 61,"areaName": "东丽区","counties": []},{"areaId": 62,"areaName": "西青区","counties": []},{"areaId": 63,"areaName": "北辰区","counties": []},{"areaId": 64,"areaName": "津南区","counties": []},{"areaId": 65,"areaName": "武清区","counties": []},{"areaId": 66,"areaName": "静海县","counties": []},{"areaId": 67,"areaName": "宁河县","counties": []},{"areaId": 68,"areaName": "宝坻区","counties": []},{"areaId": 69,"areaName": "蓟县","counties": []}]},{"areaId": 4,"areaName": "重庆","cities": [{"areaId": 337,"areaName": "渝中区","counties": []},{"areaId": 338,"areaName": "大渡口","counties": []},{"areaId": 339,"areaName": "江北区","counties": []},{"areaId": 340,"areaName": "沙坪坝","counties": []},{"areaId": 341,"areaName": "九龙坡","counties": []},{"areaId": 342,"areaName": "南岸区","counties": []},{"areaId": 343,"areaName": "北碚区","counties": []},{"areaId": 344,"areaName": "万盛区","counties": []},{"areaId": 345,"areaName": "双桥区","counties": []},{"areaId": 346,"areaName": "渝北区","counties": []},{"areaId": 347,"areaName": "巴南区","counties": []},{"areaId": 348,"areaName": "万州区","counties": []},{"areaId": 349,"areaName": "涪陵区","counties": []},{"areaId": 350,"areaName": "黔江区","counties": []},{"areaId": 351,"areaName": "永川区","counties": []},{"areaId": 352,"areaName": "合川区","counties": []},{"areaId": 353,"areaName": "江津区","counties": []},{"areaId": 354,"areaName": "南川区","counties": []},{"areaId": 355,"areaName": "长寿县","counties": []},{"areaId": 356,"areaName": "綦江县","counties": []},{"areaId": 357,"areaName": "潼南县","counties": []},{"areaId": 358,"areaName": "荣昌县","counties": []},{"areaId": 359,"areaName": "璧山县","counties": []},{"areaId": 360,"areaName": "大足县","counties": []},{"areaId": 361,"areaName": "铜梁县","counties": []},{"areaId": 362,"areaName": "梁平县","counties": []},{"areaId": 363,"areaName": "城口县","counties": []},{"areaId": 364,"areaName": "垫江县","counties": []},{"areaId": 365,"areaName": "武隆县","counties": []},{"areaId": 366,"areaName": "丰都县","counties": []},{"areaId": 367,"areaName": "奉节县","counties": []},{"areaId": 368,"areaName": "开县","counties": []},{"areaId": 369,"areaName": "云阳县","counties": []},{"areaId": 370,"areaName": "忠县","counties": []},{"areaId": 371,"areaName": "巫溪县","counties": []},{"areaId": 372,"areaName": "巫山县","counties": []},{"areaId": 373,"areaName": "石柱县","counties": []},{"areaId": 374,"areaName": "秀山县","counties": []},{"areaId": 375,"areaName": "酉阳县","counties": []},{"areaId": 376,"areaName": "彭水县","counties": []},{"areaId": 489,"areaName": "高新区","counties": []}]},{"areaId": 5,"areaName": "广东","cities": [{"areaId": 286,"areaName": "广州","counties": []},{"areaId": 287,"areaName": "深圳","counties": []},{"areaId": 288,"areaName": "珠海","counties": []},{"areaId": 289,"areaName": "汕头","counties": []},{"areaId": 290,"areaName": "韶关","counties": []},{"areaId": 291,"areaName": "河源","counties": []},{"areaId": 292,"areaName": "梅州","counties": []},{"areaId": 293,"areaName": "惠州","counties": []},{"areaId": 294,"areaName": "汕尾","counties": []},{"areaId": 295,"areaName": "东莞","counties": []},{"areaId": 296,"areaName": "中山","counties": []},{"areaId": 297,"areaName": "佛山","counties": []},{"areaId": 298,"areaName": "阳江","counties": []},{"areaId": 299,"areaName": "湛江","counties": []},{"areaId": 300,"areaName": "茂名","counties": []},{"areaId": 301,"areaName": "肇庆","counties": []},{"areaId": 302,"areaName": "清远","counties": []},{"areaId": 303,"areaName": "潮州","counties": []},{"areaId": 304,"areaName": "揭阳","counties": []},{"areaId": 305,"areaName": "云浮","counties": []},{"areaId": 480,"areaName": "江门","counties": []}]},{"areaId": 6,"areaName": "广西","cities": [{"areaId": 306,"areaName": "南宁","counties": []},{"areaId": 307,"areaName": "柳州","counties": []},{"areaId": 308,"areaName": "桂林","counties": []},{"areaId": 309,"areaName": "梧州市","counties": []},{"areaId": 310,"areaName": "北海","counties": []},{"areaId": 311,"areaName": "防城港","counties": []},{"areaId": 312,"areaName": "钦州","counties": []},{"areaId": 313,"areaName": "贵港","counties": []},{"areaId": 314,"areaName": "玉林","counties": []},{"areaId": 315,"areaName": "贺州","counties": []},{"areaId": 316,"areaName": "百色","counties": []},{"areaId": 317,"areaName": "河池","counties": []},{"areaId": 487,"areaName": "南宁地区","counties": []},{"areaId": 488,"areaName": "柳州地区","counties": []}]},{"areaId": 7,"areaName": "福建","cities": [{"areaId": 200,"areaName": "福州","counties": []},{"areaId": 201,"areaName": "厦门","counties": []},{"areaId": 202,"areaName": "三明","counties": []},{"areaId": 203,"areaName": "莆田","counties": []},{"areaId": 204,"areaName": "泉州","counties": []},{"areaId": 205,"areaName": "漳州","counties": []},{"areaId": 206,"areaName": "南平","counties": []},{"areaId": 207,"areaName": "龙岩","counties": []},{"areaId": 208,"areaName": "宁德","counties": []}]},{"areaId": 8,"areaName": "浙江","cities": [{"areaId": 172,"areaName": "杭州","counties": []},{"areaId": 173,"areaName": "宁波","counties": []},{"areaId": 174,"areaName": "温州","counties": []},{"areaId": 175,"areaName": "嘉兴","counties": []},{"areaId": 176,"areaName": "湖州","counties": []},{"areaId": 177,"areaName": "绍兴","counties": []},{"areaId": 178,"areaName": "金华","counties": []},{"areaId": 179,"areaName": "衢州","counties": []},{"areaId": 180,"areaName": "舟山","counties": []},{"areaId": 181,"areaName": "台州","counties": []},{"areaId": 182,"areaName": "丽水","counties": []}]},{"areaId": 9,"areaName": "江苏","cities": [{"areaId": 159,"areaName": "南京","counties": []},{"areaId": 160,"areaName": "徐州","counties": []},{"areaId": 161,"areaName": "连云港","counties": []},{"areaId": 162,"areaName": "淮安","counties": []},{"areaId": 163,"areaName": "宿迁","counties": []},{"areaId": 164,"areaName": "盐城","counties": []},{"areaId": 165,"areaName": "扬州","counties": []},{"areaId": 166,"areaName": "泰州","counties": []},{"areaId": 167,"areaName": "南通","counties": []},{"areaId": 168,"areaName": "镇江","counties": []},{"areaId": 169,"areaName": "常州","counties": []},{"areaId": 170,"areaName": "无锡","counties": []},{"areaId": 171,"areaName": "苏州","counties": []}]},{"areaId": 10,"areaName": "山东","cities": [{"areaId": 220,"areaName": "济南","counties": []},{"areaId": 221,"areaName": "青岛","counties": []},{"areaId": 222,"areaName": "淄博","counties": []},{"areaId": 223,"areaName": "枣庄","counties": []},{"areaId": 224,"areaName": "东营","counties": []},{"areaId": 225,"areaName": "潍坊","counties": []},{"areaId": 226,"areaName": "烟台","counties": []},{"areaId": 227,"areaName": "威海","counties": []},{"areaId": 228,"areaName": "济宁","counties": []},{"areaId": 229,"areaName": "泰安","counties": []},{"areaId": 230,"areaName": "日照","counties": []},{"areaId": 231,"areaName": "莱芜","counties": []},{"areaId": 232,"areaName": "德州","counties": []},{"areaId": 233,"areaName": "临沂","counties": []},{"areaId": 234,"areaName": "聊城","counties": []},{"areaId": 235,"areaName": "菏泽","counties": []},{"areaId": 236,"areaName": "滨州","counties": []}]},{"areaId": 11,"areaName": "山西","cities": [{"areaId": 81,"areaName": "太原","counties": []},{"areaId": 82,"areaName": "大同","counties": []},{"areaId": 83,"areaName": "阳泉","counties": []},{"areaId": 84,"areaName": "长治","counties": []},{"areaId": 85,"areaName": "晋城","counties": []},{"areaId": 86,"areaName": "朔州","counties": []},{"areaId": 87,"areaName": "晋中","counties": []},{"areaId": 88,"areaName": "忻州","counties": []},{"areaId": 89,"areaName": "临汾","counties": []},{"areaId": 90,"areaName": "运城","counties": []},{"areaId": 91,"areaName": "吕梁地区","counties": []}]},{"areaId": 12,"areaName": "辽宁","cities": [{"areaId": 104,"areaName": "沈阳","counties": []},{"areaId": 105,"areaName": "大连","counties": []},{"areaId": 106,"areaName": "鞍山","counties": []},{"areaId": 107,"areaName": "抚顺","counties": []},{"areaId": 108,"areaName": "本溪","counties": []},{"areaId": 109,"areaName": "丹东","counties": []},{"areaId": 110,"areaName": "锦州","counties": []},{"areaId": 111,"areaName": "葫芦岛","counties": []},{"areaId": 112,"areaName": "营口","counties": []},{"areaId": 113,"areaName": "盘锦","counties": []},{"areaId": 114,"areaName": "阜新","counties": []},{"areaId": 115,"areaName": "辽阳","counties": []},{"areaId": 116,"areaName": "铁岭","counties": []},{"areaId": 117,"areaName": "朝阳","counties": []}]},{"areaId": 13,"areaName": "吉林","cities": [{"areaId": 118,"areaName": "长春","counties": []},{"areaId": 119,"areaName": "吉林市","counties": []},{"areaId": 120,"areaName": "四平","counties": []},{"areaId": 121,"areaName": "辽源","counties": []},{"areaId": 122,"areaName": "通化","counties": []},{"areaId": 123,"areaName": "白山","counties": []},{"areaId": 124,"areaName": "松原","counties": []},{"areaId": 125,"areaName": "白城","counties": []},{"areaId": 126,"areaName": "延边自治州","counties": []}]},{"areaId": 14,"areaName": "黑龙江","cities": [{"areaId": 127,"areaName": "哈尔滨","counties": []},{"areaId": 128,"areaName": "齐齐哈尔","counties": []},{"areaId": 129,"areaName": "鹤岗","counties": []},{"areaId": 130,"areaName": "双鸭山","counties": []},{"areaId": 131,"areaName": "鸡西","counties": []},{"areaId": 132,"areaName": "大庆","counties": []},{"areaId": 133,"areaName": "伊春","counties": []},{"areaId": 134,"areaName": "牡丹江","counties": []},{"areaId": 135,"areaName": "佳木斯","counties": []},{"areaId": 136,"areaName": "七台河","counties": []},{"areaId": 137,"areaName": "黑河","counties": []},{"areaId": 138,"areaName": "绥化","counties": []},{"areaId": 139,"areaName": "大兴安岭地区","counties": []}]},{"areaId": 15,"areaName": "河北","cities": [{"areaId": 70,"areaName": "石家庄","counties": []},{"areaId": 71,"areaName": "唐山","counties": []},{"areaId": 72,"areaName": "秦皇岛","counties": []},{"areaId": 73,"areaName": "邯郸","counties": []},{"areaId": 74,"areaName": "邢台","counties": []},{"areaId": 75,"areaName": "保定","counties": []},{"areaId": 76,"areaName": "张家口","counties": []},{"areaId": 77,"areaName": "承德","counties": []},{"areaId": 78,"areaName": "沧州","counties": []},{"areaId": 79,"areaName": "廊坊","counties": []},{"areaId": 80,"areaName": "衡水","counties": []}]},{"areaId": 16,"areaName": "河南","cities": [{"areaId": 237,"areaName": "郑州","counties": []},{"areaId": 238,"areaName": "开封","counties": []},{"areaId": 239,"areaName": "洛阳","counties": []},{"areaId": 240,"areaName": "平顶山","counties": []},{"areaId": 241,"areaName": "焦作","counties": []},{"areaId": 242,"areaName": "鹤壁","counties": []},{"areaId": 243,"areaName": "新乡","counties": []},{"areaId": 244,"areaName": "安阳","counties": []},{"areaId": 245,"areaName": "濮阳","counties": []},{"areaId": 246,"areaName": "许昌","counties": []},{"areaId": 247,"areaName": "漯河","counties": []},{"areaId": 248,"areaName": "三门峡","counties": []},{"areaId": 249,"areaName": "南阳","counties": []},{"areaId": 250,"areaName": "商丘","counties": []},{"areaId": 251,"areaName": "信阳","counties": []},{"areaId": 252,"areaName": "周口","counties": []},{"areaId": 253,"areaName": "驻马店","counties": []},{"areaId": 254,"areaName": "济源","counties": []}]},{"areaId": 17,"areaName": "四川","cities": [{"areaId": 377,"areaName": "成都","counties": []},{"areaId": 378,"areaName": "自贡","counties": []},{"areaId": 379,"areaName": "攀枝花","counties": []},{"areaId": 380,"areaName": "泸州","counties": []},{"areaId": 381,"areaName": "德阳","counties": []},{"areaId": 382,"areaName": "绵阳","counties": []},{"areaId": 383,"areaName": "广元","counties": []},{"areaId": 384,"areaName": "遂宁","counties": []},{"areaId": 385,"areaName": "内江","counties": []},{"areaId": 386,"areaName": "乐山","counties": []},{"areaId": 387,"areaName": "南充","counties": []},{"areaId": 388,"areaName": "宜宾","counties": []},{"areaId": 389,"areaName": "广安","counties": []},{"areaId": 390,"areaName": "达州","counties": []},{"areaId": 391,"areaName": "巴中","counties": []},{"areaId": 392,"areaName": "雅安","counties": []},{"areaId": 393,"areaName": "眉山","counties": []},{"areaId": 394,"areaName": "资阳","counties": []},{"areaId": 395,"areaName": "阿坝自治州","counties": []},{"areaId": 396,"areaName": "甘孜自治州","counties": []},{"areaId": 397,"areaName": "凉山自治州","counties": []}]},{"areaId": 18,"areaName": "陕西","cities": [{"areaId": 430,"areaName": "西安","counties": []},{"areaId": 431,"areaName": "铜川","counties": []},{"areaId": 432,"areaName": "宝鸡","counties": []},{"areaId": 433,"areaName": "咸阳","counties": []},{"areaId": 434,"areaName": "渭南","counties": []},{"areaId": 435,"areaName": "延安","counties": []},{"areaId": 436,"areaName": "汉中","counties": []},{"areaId": 437,"areaName": "榆林","counties": []},{"areaId": 438,"areaName": "安康","counties": []},{"areaId": 439,"areaName": "商洛地区","counties": []}]},{"areaId": 19,"areaName": "湖北","cities": [{"areaId": 255,"areaName": "武汉","counties": []},{"areaId": 256,"areaName": "黄石","counties": []},{"areaId": 257,"areaName": "襄樊","counties": []},{"areaId": 258,"areaName": "十堰","counties": []},{"areaId": 259,"areaName": "荆州","counties": []},{"areaId": 260,"areaName": "宜昌","counties": []},{"areaId": 261,"areaName": "荆门","counties": []},{"areaId": 262,"areaName": "鄂州","counties": []},{"areaId": 263,"areaName": "孝感","counties": []},{"areaId": 264,"areaName": "黄冈","counties": []},{"areaId": 265,"areaName": "咸宁","counties": []},{"areaId": 266,"areaName": "随州","counties": []},{"areaId": 267,"areaName": "恩施自治州","counties": []},{"areaId": 268,"areaName": "仙桃","counties": []},{"areaId": 269,"areaName": "天门","counties": []},{"areaId": 270,"areaName": "潜江","counties": []},{"areaId": 271,"areaName": "神农架林区","counties": []},{"areaId": 483,"areaName": "黄岗","counties": []}]},{"areaId": 20,"areaName": "湖南","cities": [{"areaId": 272,"areaName": "长沙","counties": []},{"areaId": 273,"areaName": "株洲","counties": []},{"areaId": 274,"areaName": "湘潭","counties": []},{"areaId": 275,"areaName": "衡阳","counties": []},{"areaId": 276,"areaName": "邵阳","counties": []},{"areaId": 277,"areaName": "岳阳","counties": []},{"areaId": 278,"areaName": "常德","counties": []},{"areaId": 279,"areaName": "张家界","counties": []},{"areaId": 280,"areaName": "益阳","counties": []},{"areaId": 281,"areaName": "郴州","counties": []},{"areaId": 282,"areaName": "永州","counties": []},{"areaId": 283,"areaName": "怀化","counties": []},{"areaId": 284,"areaName": "娄底","counties": []},{"areaId": 285,"areaName": "湘西自治州","counties": []}]},{"areaId": 21,"areaName": "江西","cities": [{"areaId": 209,"areaName": "南昌","counties": []},{"areaId": 210,"areaName": "景德镇","counties": []},{"areaId": 211,"areaName": "萍乡","counties": []},{"areaId": 212,"areaName": "新余","counties": []},{"areaId": 213,"areaName": "九江","counties": []},{"areaId": 214,"areaName": "鹰潭","counties": []},{"areaId": 215,"areaName": "赣州","counties": []},{"areaId": 216,"areaName": "吉安","counties": []},{"areaId": 217,"areaName": "宜春","counties": []},{"areaId": 218,"areaName": "上饶","counties": []},{"areaId": 219,"areaName": "抚州","counties": []}]},{"areaId": 22,"areaName": "云南","cities": [{"areaId": 407,"areaName": "昆明","counties": []},{"areaId": 408,"areaName": "曲靖","counties": []},{"areaId": 409,"areaName": "玉溪","counties": []},{"areaId": 410,"areaName": "保山","counties": []},{"areaId": 411,"areaName": "昭通","counties": []},{"areaId": 412,"areaName": "普洱市","counties": []},{"areaId": 413,"areaName": "临沧地区","counties": []},{"areaId": 414,"areaName": "丽江","counties": []},{"areaId": 415,"areaName": "文山自治州","counties": []},{"areaId": 416,"areaName": "红河自治州","counties": []},{"areaId": 417,"areaName": "西双版纳自治州","counties": []},{"areaId": 418,"areaName": "楚雄自治州","counties": []},{"areaId": 419,"areaName": "大理","counties": []},{"areaId": 420,"areaName": "德宏自治州","counties": []},{"areaId": 421,"areaName": "怒江自治州","counties": []},{"areaId": 422,"areaName": "迪庆自治州","counties": []}]},{"areaId": 23,"areaName": "安徽","cities": [{"areaId": 183,"areaName": "合肥","counties": []},{"areaId": 184,"areaName": "芜湖","counties": []},{"areaId": 185,"areaName": "蚌埠","counties": []},{"areaId": 186,"areaName": "淮南","counties": []},{"areaId": 187,"areaName": "马鞍山","counties": []},{"areaId": 188,"areaName": "淮北","counties": []},{"areaId": 189,"areaName": "铜陵","counties": []},{"areaId": 190,"areaName": "安庆","counties": []},{"areaId": 191,"areaName": "黄山","counties": []},{"areaId": 192,"areaName": "滁州","counties": []},{"areaId": 193,"areaName": "阜阳","counties": []},{"areaId": 194,"areaName": "宿州","counties": []},{"areaId": 195,"areaName": "巢湖","counties": []},{"areaId": 196,"areaName": "六安","counties": []},{"areaId": 197,"areaName": "毫州","counties": []},{"areaId": 198,"areaName": "宣城","counties": []},{"areaId": 199,"areaName": "池州","counties": []}]},{"areaId": 24,"areaName": "海南","cities": [{"areaId": 318,"areaName": "海口","counties": []},{"areaId": 319,"areaName": "三亚","counties": []},{"areaId": 320,"areaName": "五指山","counties": []},{"areaId": 321,"areaName": "琼海","counties": []},{"areaId": 322,"areaName": "儋州","counties": []},{"areaId": 324,"areaName": "文昌","counties": []},{"areaId": 325,"areaName": "万宁","counties": []},{"areaId": 326,"areaName": "东方","counties": []},{"areaId": 327,"areaName": "澄迈县","counties": []},{"areaId": 328,"areaName": "安定县","counties": []},{"areaId": 329,"areaName": "屯昌县","counties": []},{"areaId": 330,"areaName": "临高县","counties": []},{"areaId": 331,"areaName": "白沙自治县","counties": []},{"areaId": 332,"areaName": "昌江自治县","counties": []},{"areaId": 333,"areaName": "乐东自治县","counties": []},{"areaId": 334,"areaName": "陵水自治县","counties": []},{"areaId": 335,"areaName": "保亭自治县","counties": []},{"areaId": 336,"areaName": "琼中自治县","counties": []}]},{"areaId": 25,"areaName": "贵州","cities": [{"areaId": 398,"areaName": "贵阳","counties": []},{"areaId": 399,"areaName": "六盘水","counties": []},{"areaId": 400,"areaName": "遵义","counties": []},{"areaId": 401,"areaName": "安顺","counties": []},{"areaId": 402,"areaName": "铜仁地区","counties": []},{"areaId": 403,"areaName": "毕节地区","counties": []},{"areaId": 404,"areaName": "黔西南自治州","counties": []},{"areaId": 405,"areaName": "黔东南自治州","counties": []},{"areaId": 406,"areaName": "黔南自治州","counties": []}]},{"areaId": 26,"areaName": "甘肃","cities": [{"areaId": 440,"areaName": "兰州","counties": []},{"areaId": 441,"areaName": "金昌","counties": []},{"areaId": 442,"areaName": "白银","counties": []},{"areaId": 443,"areaName": "天水","counties": []},{"areaId": 444,"areaName": "嘉峪关","counties": []},{"areaId": 445,"areaName": "定西地区","counties": []},{"areaId": 446,"areaName": "平凉市","counties": []},{"areaId": 447,"areaName": "庆阳市","counties": []},{"areaId": 448,"areaName": "陇南地区","counties": []},{"areaId": 449,"areaName": "武威市","counties": []},{"areaId": 450,"areaName": "张掖市","counties": []},{"areaId": 451,"areaName": "酒泉","counties": []},{"areaId": 452,"areaName": "甘南自治州","counties": []},{"areaId": 453,"areaName": "临夏自治州","counties": []}]},{"areaId": 27,"areaName": "新疆","cities": [{"areaId": 465,"areaName": "乌鲁木齐","counties": []},{"areaId": 466,"areaName": "克拉玛依","counties": []},{"areaId": 467,"areaName": "石河子","counties": []},{"areaId": 468,"areaName": "吐鲁番","counties": []},{"areaId": 469,"areaName": "哈密地区","counties": []},{"areaId": 470,"areaName": "和田地区","counties": []},{"areaId": 471,"areaName": "阿克苏地区","counties": []},{"areaId": 472,"areaName": "喀什地区","counties": []},{"areaId": 473,"areaName": "克孜勒苏柯尔克孜自治","counties": []},{"areaId": 474,"areaName": "巴音郭楞自治州","counties": []},{"areaId": 475,"areaName": "昌吉自治州","counties": []},{"areaId": 476,"areaName": "博尔塔拉自治州","counties": []},{"areaId": 477,"areaName": "伊犁自治州","counties": []},{"areaId": 481,"areaName": "伊宁","counties": []}]},{"areaId": 28,"areaName": "内蒙古","cities": [{"areaId": 92,"areaName": "呼和浩特","counties": []},{"areaId": 93,"areaName": "包头","counties": []},{"areaId": 94,"areaName": "乌海","counties": []},{"areaId": 95,"areaName": "赤峰","counties": []},{"areaId": 96,"areaName": "通辽","counties": []},{"areaId": 97,"areaName": "呼伦贝尔市","counties": []},{"areaId": 98,"areaName": "锡林郭勒盟","counties": []},{"areaId": 99,"areaName": "乌兰察布盟","counties": []},{"areaId": 100,"areaName": "鄂尔多斯市","counties": []},{"areaId": 101,"areaName": "巴彦淖尔盟","counties": []},{"areaId": 102,"areaName": "阿拉善","counties": []},{"areaId": 103,"areaName": "兴安","counties": []}]},{"areaId": 29,"areaName": "宁夏","cities": [{"areaId": 461,"areaName": "银川","counties": []},{"areaId": 462,"areaName": "石嘴山","counties": []},{"areaId": 463,"areaName": "吴忠","counties": []},{"areaId": 464,"areaName": "固原","counties": []}]},{"areaId": 30,"areaName": "青海","cities": [{"areaId": 454,"areaName": "西宁","counties": []},{"areaId": 455,"areaName": "海东地区","counties": []},{"areaId": 456,"areaName": "海北自治州","counties": []},{"areaId": 457,"areaName": "海南自治州","counties": []},{"areaId": 458,"areaName": "果洛自治州","counties": []},{"areaId": 459,"areaName": "玉树自治州","counties": []},{"areaId": 460,"areaName": "海西自治州","counties": []},{"areaId": 484,"areaName": "黄南自治州","counties": []}]},{"areaId": 31,"areaName": "西藏","cities": [{"areaId": 423,"areaName": "拉萨","counties": []},{"areaId": 424,"areaName": "那曲","counties": []},{"areaId": 425,"areaName": "昌都地区","counties": []},{"areaId": 426,"areaName": "山南地区","counties": []},{"areaId": 427,"areaName": "日喀则","counties": []},{"areaId": 428,"areaName": "阿里地区","counties": []},{"areaId": 429,"areaName": "林芝地区","counties": []}]},{"areaId": 32,"areaName": "香港","cities": [{"areaId": 478,"areaName": "中西区","counties": []},{"areaId": 493,"areaName": "东区","counties": []},{"areaId": 494,"areaName": "九龙城区","counties": []},{"areaId": 495,"areaName": "观塘区","counties": []},{"areaId": 496,"areaName": "南区","counties": []},{"areaId": 497,"areaName": "深水埗区","counties": []},{"areaId": 498,"areaName": "湾仔区","counties": []},{"areaId": 499,"areaName": "黄大仙区","counties": []},{"areaId": 500,"areaName": "油尖旺区","counties": []},{"areaId": 501,"areaName": "离岛区","counties": []},{"areaId": 502,"areaName": "葵青区","counties": []},{"areaId": 503,"areaName": "北区","counties": []},{"areaId": 504,"areaName": "西贡区","counties": []},{"areaId": 505,"areaName": "沙田区","counties": []},{"areaId": 506,"areaName": "屯门区","counties": []},{"areaId": 507,"areaName": "大埔区","counties": []},{"areaId": 508,"areaName": "荃湾区","counties": []},{"areaId": 509,"areaName": "元朗区","counties": []}]},{"areaId": 33,"areaName": "澳门","cities": [{"areaId": 546,"areaName": "花地玛堂区","counties": []},{"areaId": 547,"areaName": "圣安多尼堂区","counties": []},{"areaId": 548,"areaName": "大堂区","counties": []},{"areaId": 549,"areaName": "望德堂区","counties": []},{"areaId": 550,"areaName": "风顺堂区","counties": []},{"areaId": 551,"areaName": "嘉模堂区","counties": []},{"areaId": 552,"areaName": "圣方济各堂区","counties": []}]},{"areaId": 34,"areaName": "台湾","cities": [{"areaId": 491,"areaName": "台北市","counties": []},{"areaId": 510,"areaName": "高雄市","counties": []},{"areaId": 511,"areaName": "基隆市","counties": []},{"areaId": 512,"areaName": "台中市","counties": []},{"areaId": 513,"areaName": "台南市","counties": []},{"areaId": 514,"areaName": "新竹市","counties": []},{"areaId": 515,"areaName": "嘉义市","counties": []},{"areaId": 516,"areaName": "台北县","counties": []},{"areaId": 517,"areaName": "宜兰县","counties": []},{"areaId": 518,"areaName": "新竹县","counties": []},{"areaId": 519,"areaName": "桃园县","counties": []},{"areaId": 520,"areaName": "苗栗县","counties": []},{"areaId": 521,"areaName": "台中县","counties": []},{"areaId": 522,"areaName": "彰化县","counties": []},{"areaId": 523,"areaName": "南投县","counties": []},{"areaId": 524,"areaName": "嘉义县","counties": []},{"areaId": 525,"areaName": "云林县","counties": []},{"areaId": 526,"areaName": "台南县","counties": []},{"areaId": 527,"areaName": "高雄县","counties": []},{"areaId": 528,"areaName": "屏东县","counties": []},{"areaId": 529,"areaName": "台东县","counties": []},{"areaId": 530,"areaName": "花莲县","counties": []},{"areaId": 531,"areaName": "澎湖县","counties": []}]}]